Voornaam,Achternaam,Gebruikersnaam,Team,Wachtwoord,OU
Max,Verstappen,mverstappen,Red Bull Racing,Welkom123!,"OU=Formule1,DC=example,DC=com"
Yuki,Tsunoda,ytsunoda,Red Bull Racing,Welkom123!,"OU=Formule1,DC=example,DC=com"
Lewis,Hamilton,lhamilton,Ferrari,Welkom123!,"OU=Formule1,DC=example,DC=com"
Charles,Leclerc,cleclerc,Ferrari,Welkom123!,"OU=Formule1,DC=example,DC=com"
George,Russell,grussell,Mercedes,Welkom123!,"OU=Formule1,DC=example,DC=com"
Kimi,Antonelli,kantonelli,Mercedes,Welkom123!,"OU=Formule1,DC=example,DC=com"
Lando,Norris,lnorris,McLaren,Welkom123!,"OU=Formule1,DC=example,DC=com"
Oscar,Piastri,opiastri,McLaren,Welkom123!,"OU=Formule1,DC=example,DC=com"
Fernando,Alonso,falonso,Aston Martin,Welkom123!,"OU=Formule1,DC=example,DC=com"
Lance,Stroll,lstroll,Aston Martin,Welkom123!,"OU=Formule1,DC=example,DC=com"
Carlos,Sainz,csainz,Williams,Welkom123!,"OU=Formule1,DC=example,DC=com"
Alexander,Albon,aalbon,Williams,Welkom123!,"OU=Formule1,DC=example,DC=com"
Esteban,Ocon,eocon,Haas,Welkom123!,"OU=Formule1,DC=example,DC=com"
Oliver,Bearman,obearman,Haas,Welkom123!,"OU=Formule1,DC=example,DC=com"
Pierre,Gasly,pgasly,Alpine,Welkom123!,"OU=Formule1,DC=example,DC=com"
Jack,Doohan,jdoohan,Alpine,Welkom123!,"OU=Formule1,DC=example,DC=com"
Franco,Colapinto,fcolapinto,Alpine,Welkom123!,"OU=Formule1,DC=example,DC=com"
Isack,Hadjar,ihadjar,Racing Bulls,Welkom123!,"OU=Formule1,DC=example,DC=com"
Liam,Lawson,llawson,Racing Bulls,Welkom123!,"OU=Formule1,DC=example,DC=com"
Gabriel,Bortoleto,gbortoleto,Stake F1,Welkom123!,"OU=Formule1,DC=example,DC=com"
Nico,Hulkenberg,nhulkenberg,Stake F1,Welkom123!,"OU=Formule1,DC=example,DC=com"
Felipe,Drugovich,fdrugovich,Aston Martin,Welkom123!,"OU=Formule1,DC=example,DC=com"
